Year,Estimated Value
1982-01-03,95936.0
1982-01-10,95793.83085264672
1982-01-17,95659.54921677329
1982-01-24,95533.09328982628
1982-01-31,95414.46307180576
1982-02-07,95303.65856271167
1982-02-14,95200.67976254404
1982-02-21,95105.52667130285
1982-02-28,95018.19928898812
1982-03-07,94938.69761559984
1982-03-14,94867.021651138
1982-03-21,94803.17139560264
1982-03-28,94747.14684899371
1982-04-04,94698.94801131121
1982-04-11,94658.57488255519
1982-04-18,94626.02746272561
1982-04-25,94601.30575182248
1982-05-02,94584.4097498458
1982-05-09,94575.33945679557
1982-05-16,94574.0948726718
1982-05-23,94580.67599747448
1982-05-30,94595.08283120359
1982-06-06,94617.31537385918
1982-06-13,94647.37362544119
1982-06-20,94685.25758594966
1982-06-27,94730.96725538459
1982-07-04,94784.50263374597
1982-07-11,94845.8637210338
1982-07-18,94915.05051724806
1982-07-25,94992.06302238881
1982-08-01,95076.90123645596
1982-08-08,95169.5651594496
1982-08-15,95270.05479136968
1982-08-22,95378.3701322162
1982-08-29,95494.51118198919
1982-09-05,95618.4779406886
1982-09-12,95750.27040831448
1982-09-19,95889.88858486683
1982-09-26,96037.3324703456
1982-10-03,96192.60206475083
1982-10-10,96355.69736808252
1982-10-17,96526.61838034065
1982-10-24,96705.36510152521
1982-10-31,96891.93753163624
1982-11-07,97086.33567067372
1982-11-14,97288.55951863766
1982-11-21,97498.60907552805
1982-11-28,97716.48434134487
1982-12-05,97942.18531608814
1982-12-12,98175.71199975791
1982-12-19,98417.06439235408
1982-12-26,98666.2424938767
1983-01-02,98923.0
1983-01-09,99188.07582370134
1983-01-16,99460.73105200332
1983-01-23,99741.21198923173
1983-01-30,100029.51863538664
1983-02-06,100325.65099046796
1983-02-13,100629.60905447579
1983-02-20,100941.39282740999
1983-02-27,101261.00230927067
1983-03-06,101588.43750005783
1983-03-13,101923.69839977141
1983-03-20,102266.78500841145
1983-03-27,102617.69732597793
1983-04-03,102976.43535247086
1983-04-10,103342.99908789028
1983-04-17,103717.3885322361
1983-04-24,104099.60368550841
1983-05-01,104489.64454770714
1983-05-08,104887.5111188323
1983-05-15,105293.20339888398
1983-05-22,105706.72138786205
1983-05-29,106128.0650857666
1983-06-05,106557.23449259759
1983-06-12,106994.22960835503
1983-06-19,107439.05043303894
1983-06-26,107891.69696664927
1983-07-03,108352.16920918608
1983-07-10,108811.34485330505
1983-07-17,109260.10159166194
1983-07-24,109698.43942425672
1983-07-31,110126.35835108945
1983-08-07,110543.85837216006
1983-08-14,110950.9394874686
1983-08-21,111347.60169701505
1983-08-28,111733.8450007994
1983-09-04,112109.66939882167
1983-09-11,112475.07489108187
1983-09-18,112830.06147757996
1983-09-25,113174.62915831596
1983-10-02,113508.7779332899
1983-10-09,113832.50780250173
1983-10-16,114145.81876595144
1983-10-23,114448.71082363909
1983-10-30,114741.18397556468
1983-11-06,115023.23822172814
1983-11-13,115294.87356212955
1983-11-20,115556.08999676886
1983-11-27,115806.88752564607
1983-12-04,116047.26614876119
1983-12-11,116277.22586611423
1983-12-18,116496.76667770516
1983-12-25,116705.88858353405
1984-01-01,116905.0
1984-01-08,117092.87567790551
1984-01-15,117270.74086644809
1984-01-22,117438.1871492286
1984-01-29,117595.21452624703
1984-02-05,117741.82299750335
1984-02-12,117878.01256299761
1984-02-19,118003.78322272975
1984-02-26,118119.13497669983
1984-03-04,118224.06782490779
1984-03-11,118318.58176735372
1984-03-18,118402.67680403752
1984-03-25,118476.35293495923
1984-04-01,118539.61016011886
1984-04-08,118592.4484795164
1984-04-15,118634.86789315185
1984-04-22,118666.86840102522
1984-04-29,118688.45000313649
1984-05-06,118699.61269948567
1984-05-13,118700.3564900728
1984-05-20,118690.68137489777
1984-05-27,118670.58735396073
1984-06-03,118640.07442726157
1984-06-10,118599.1425948003
1984-06-17,118547.79185657698
1984-06-24,118486.02221259153
1984-07-01,118413.83366284403
1984-07-08,118333.16890187473
1984-07-15,118255.68409692538
1984-07-22,118183.3219425363
1984-07-29,118116.08243870747
1984-08-05,118053.96558543891
1984-08-12,117996.97138273061
1984-08-19,117945.09983058258
1984-08-26,117898.3509289948
1984-09-02,117856.72467796729
1984-09-09,117820.22107750004
1984-09-16,117788.84012759307
1984-09-23,117762.58182824632
1984-09-30,117741.44617945985
1984-10-07,117725.43318123365
1984-10-14,117714.54283356768
1984-10-21,117708.77513646202
1984-10-28,117708.1300899166
1984-11-04,117712.60769393141
1984-11-11,117722.20794850653
1984-11-18,117736.93085364185
1984-11-25,117756.7764093375
1984-12-02,117781.74461559337
1984-12-09,117811.83547240951
1984-12-16,117847.04897978592
1984-12-23,117887.3851377226
1984-12-30,117932.84394621952
1985-01-06,117983.0
1985-01-13,118039.12951489414
1985-01-20,118099.95627507186
1985-01-27,118165.90568580982
1985-02-03,118236.97774710806
1985-02-10,118313.17245896657
1985-02-17,118394.48982138532
1985-02-24,118480.9298343643
1985-03-03,118572.49249790359
1985-03-10,118669.17781200314
1985-03-17,118770.98577666294
1985-03-24,118877.91639188299
1985-03-31,118989.96965766331
1985-04-07,119107.1455740039
1985-04-14,119229.44414090476
1985-04-21,119356.86535836585
1985-04-28,119489.4092263872
1985-05-05,119627.07574496884
1985-05-12,119769.86491411072
1985-05-19,119917.77673381288
1985-05-26,120070.81120407527
1985-06-02,120228.96832489796
1985-06-09,120392.24809628088
1985-06-16,120560.65051822408
1985-06-23,120734.17559072754
1985-06-30,120912.82331379126
1985-07-07,121096.59368741521
1985-07-14,121280.94831086311
1985-07-21,121461.34878339847
1985-07-28,121637.79510502133
1985-08-04,121810.28727573172
1985-08-11,121978.8252955296
1985-08-18,122143.409164415
1985-08-25,122304.03888238792
1985-09-01,122460.71444944832
1985-09-08,122613.43586559626
1985-09-15,122762.2031308317
1985-09-22,122907.0162451546
1985-09-29,123047.87520856506
1985-10-06,123184.78002106301
1985-10-13,123317.73068264846
1985-10-20,123446.72719332142
1985-10-27,123571.7695530819
1985-11-03,123692.85776192989
1985-11-10,123809.99181986536
1985-11-17,123923.17172688837
1985-11-24,124032.39748299887
1985-12-01,124137.66908819687
1985-12-08,124238.98654248241
1985-12-15,124336.34984585542
1985-12-22,124429.75899831596
1985-12-29,124519.213999864
1986-01-05,124605.0
1986-01-12,124686.26155022258
1986-01-19,124763.85409903317
1986-01-26,124837.49249693126
1986-02-02,124907.17674391682
1986-02-09,124972.90683998988
1986-02-16,125034.68278515051
1986-02-23,125092.50457939855
1986-03-02,125146.37222273418
1986-03-09,125196.28571515731
1986-03-16,125242.24505666792
1986-03-23,125284.25024726607
1986-03-30,125322.30128695167
1986-04-06,125356.39817572484
1986-04-13,125386.5409135855
1986-04-20,125412.72950053363
1986-04-27,125434.96393656931
1986-05-04,125453.24422169248
1986-05-11,125467.57035590317
1986-05-18,125477.94233920134
1986-05-25,125484.36017158706
1986-06-01,125486.82385306025
1986-06-08,125485.333383621
1986-06-15,125479.8887632692
1986-06-22,125470.48999200494
1986-06-29,125457.13706982815
1986-07-06,125439.82999673889
1986-07-13,125428.23559082655
1986-07-20,125432.02067018051
1986-07-27,125451.18523480077
1986-08-03,125485.72928468732
1986-08-10,125535.65281984018
1986-08-17,125600.95584025934
1986-08-24,125681.63834594486
1986-08-31,125777.70033689665
1986-09-07,125889.14181311474
1986-09-14,126015.96277459916
1986-09-21,126158.16322134985
1986-09-28,126315.74315336687
1986-10-05,126488.70257065017
1986-10-12,126677.04147319982
1986-10-19,126880.75986101576
1986-10-26,127099.85773409798
1986-11-02,127334.33509244653
1986-11-09,127584.19193606138
1986-11-16,127849.42826494253
1986-11-23,128130.04407909002
1986-11-30,128426.0393785038
1986-12-07,128737.41416318386
1986-12-14,129064.16843313024
1986-12-21,129406.30218834293
1986-12-28,129763.81542882192
1987-01-04,130137.0
1987-01-11,130524.98036557884
1987-01-18,130928.63206185674
1987-01-25,131347.66324340098
1987-02-01,131782.0739102115
1987-02-08,132231.86406228834
1987-02-15,132697.03369963146
1987-02-22,133177.5828222409
1987-03-01,133673.51143011666
1987-03-08,134184.81952325872
1987-03-15,134711.50710166708
1987-03-22,135253.57416534176
1987-03-29,135811.02071428273
1987-04-05,136383.84674849
1987-04-12,136972.0522679636
1987-04-19,137575.63727270346
1987-04-26,138194.6017627097
1987-05-03,138828.9457379822
1987-05-10,139478.669198521
1987-05-17,140143.7721443261
1987-05-24,140824.25457539753
1987-05-31,141520.11649173527
1987-06-07,142231.3578933393
1987-06-14,142957.97878020967
1987-06-21,143699.97915234632
1987-06-28,144457.35900974926
1987-07-05,145230.11835241853
1987-07-12,146022.23245976368
1987-07-19,146837.67661119442
1987-07-26,147676.45080671067
1987-08-02,148538.55504631242
1987-08-09,149423.98932999972
1987-08-16,150332.75365777253
1987-08-23,151264.84802963087
1987-08-30,152220.27244557478
1987-09-06,153199.0269056042
1987-09-13,154201.11140971916
1987-09-20,155226.52595791957
1987-09-27,156275.2705502056
1987-10-04,157347.34518657712
1987-10-11,158442.74986703417
1987-10-18,159561.4845915768
1987-10-25,160703.54936020487
1987-11-01,161868.94417291856
1987-11-08,163057.6690297177
1987-11-15,164269.7239306024
1987-11-22,165505.10887557268
1987-11-29,166763.82386462842
1987-12-06,168045.86889776975
1987-12-13,169351.24397499656
1987-12-20,170679.9490963089
1987-12-27,172031.98426170676
1988-01-03,173406.0
1988-01-10,174806.04472475912
1988-01-17,176228.07002241362
1988-01-24,177673.4253641536
1988-01-31,179142.11074997915
1988-02-07,180634.1261798902
1988-02-14,182149.47165388678
1988-02-21,183688.14717196889
1988-02-28,185250.15273413653
1988-03-06,186835.4883403897
1988-03-13,188444.1539907284
1988-03-20,190076.14968515263
1988-03-27,191731.4754236624
1988-04-03,193410.13120625773
1988-04-10,195112.11703293852
1988-04-17,196837.43290370487
1988-04-24,198586.07881855677
1988-05-01,200358.05477749417
1988-05-08,202153.3607805171
1988-05-15,203971.99682762555
1988-05-22,205813.96291881957
1988-05-29,207679.2590540991
1988-06-05,209567.88523346416
1988-06-12,211479.84145691473
1988-06-19,213415.12772445084
1988-06-26,215373.74403607252
1988-07-03,217355.69039177964
1988-07-10,219319.13959037702
1988-07-17,221222.26443066896
1988-07-24,223065.0649126557
1988-07-31,224847.5410363372
1988-08-07,226569.6928017134
1988-08-14,228231.52020878426
1988-08-21,229833.02325754994
1988-08-28,231374.20194801028
1988-09-04,232855.05628016536
1988-09-11,234275.58625401516
1988-09-18,235635.79186955967
1988-09-25,236935.6731267989
1988-10-02,238175.23002573286
1988-10-09,239354.4625663616
1988-10-16,240473.37074868497
1988-10-23,241531.95457270314
1988-10-30,242530.21403841596
1988-11-06,243468.1491458235
1988-11-13,244345.7598949258
1988-11-20,245163.04628572287
1988-11-27,245920.00831821462
1988-12-04,246616.64599240109
1988-12-11,247252.95930828218
1988-12-18,247828.94826585814
1988-12-25,248344.6128651288
1989-01-01,248802.0
1989-01-08,249194.96898875423
1989-01-15,249529.660513109
1989-01-22,249804.02767915855
1989-01-29,250018.07048690278
1989-02-05,250171.7889363417
1989-02-12,250265.18302747543
1989-02-19,250298.2527603038
1989-02-26,250270.998134827
1989-03-05,250183.41915104474
1989-03-12,250035.51580895737
1989-03-19,249827.28810856474
1989-03-26,249558.73604986668
1989-04-02,249229.85963286346
1989-04-09,248840.65885755492
1989-04-16,248391.1337239411
1989-04-23,247881.284232022
1989-04-30,247311.1103817976
1989-05-07,246680.612173268
1989-05-14,245989.78960643307
1989-05-21,245238.64268129287
1989-05-28,244427.17139784736
1989-06-04,243555.37575609662
1989-06-11,242623.2557560406
1989-06-18,241630.81139767927
1989-06-25,240578.04268101265
1989-07-02,239464.94960604084
1989-07-09,238302.00779971166
1989-07-16,237152.07102371342
1989-07-23,236025.61490499403
1989-07-30,234922.63944355355
1989-08-06,233843.14463939198
1989-08-13,232787.13049250926
1989-08-20,231754.59700290544
1989-08-27,230745.54417058048
1989-09-03,229759.97199553446
1989-09-10,228797.8804777673
1989-09-17,227859.26961727903
1989-09-24,226944.13941406962
1989-10-01,226052.48986813915
1989-10-08,225184.3209794875
1989-10-15,224339.63274811476
1989-10-22,223518.42517402096
1989-10-29,222720.69825720598
1989-11-05,221946.4519976699
1989-11-12,221195.68639541278
1989-11-19,220468.40145043444
1989-11-26,219764.59716273507
1989-12-03,219084.27353231458
1989-12-10,218427.43055917294
1989-12-17,217794.0682433102
1989-12-24,217184.18658472633
1989-12-31,216597.7855834214
1990-01-07,216033.0
1990-01-14,215495.4255526481
1990-01-21,214979.46652317984
1990-01-28,214486.98815099036
1990-02-04,214017.9904360799
1990-02-11,213572.47337844822
1990-02-18,213150.4369780955
1990-02-25,212751.88123502163
1990-03-04,212376.8061492266
1990-03-11,212025.21172071053
1990-03-18,211697.0979494734
1990-03-25,211392.464835515
1990-04-01,211111.31237883563
1990-04-08,210853.64057943504
1990-04-15,210619.44943731345
1990-04-22,210408.73895247065
1990-04-29,210221.50912490676
1990-05-06,210057.75995462178
1990-05-13,209917.49144161568
1990-05-20,209800.70358588846
1990-05-27,209707.3963874401
1990-06-03,209637.56984627072
1990-06-10,209591.22396238014
1990-06-17,209568.35873576847
1990-06-24,209568.9741664357
1990-07-01,209593.07025438183
1990-07-08,209640.64699960678
1990-07-15,209694.9576590435
1990-07-22,209739.25548962454
1990-07-29,209773.54049135008
1990-08-05,209797.8126642201
1990-08-12,209812.07200823454
1990-08-19,209816.3185233934
1990-08-26,209810.5522096967
1990-09-02,209794.77306714444
1990-09-09,209768.98109573664
1990-09-16,209733.17629547327
1990-09-23,209687.35866635432
1990-09-30,209631.52820837987
1990-10-07,209565.68492154984
1990-10-14,209489.82880586418
1990-10-21,209403.95986132306
1990-10-28,209308.07808792635
1990-11-04,209202.18348567406
1990-11-11,209086.27605456623
1990-11-18,208960.35579460283
1990-11-25,208824.42270578395
1990-12-02,208678.4767881094
1990-12-09,208522.51804157931
1990-12-16,208356.5464661937
1990-12-23,208180.5620619525
1990-12-30,207994.5648288558
1991-01-06,207800.0
1991-01-13,207592.53187609563
1991-01-20,207376.4961564322
1991-01-27,207150.44760791326
1991-02-03,206914.38623053872
1991-02-10,206668.31202430857
1991-02-17,206412.22498922294
1991-02-24,206146.1251252817
1991-03-03,205870.01243248495
1991-03-10,205583.88691083266
1991-03-17,205287.74856032472
1991-03-24,204981.59738096135
1991-03-31,204665.4333727423
1991-04-07,204339.25653566775
1991-04-14,204003.06686973764
1991-04-21,203656.86437495193
1991-04-28,203300.64905131076
1991-05-05,202934.4208988139
1991-05-12,202558.1799174616
1991-05-19,202171.92610725362
1991-05-26,201775.65946819016
1991-06-02,201369.38000027114
1991-06-09,200953.08770349657
1991-06-16,200526.78257786646
1991-06-23,200090.46462338074
1991-06-30,199644.13384003946
1991-07-07,199187.79022784263
1991-07-14,198735.0330967054
1991-07-21,198299.46175654282
1991-07-28,197881.07620735487
1991-08-04,197479.8764491416
1991-08-11,197095.86248190296
1991-08-18,196729.034305639
1991-08-25,196379.39192034976
1991-09-01,196046.9353260352
1991-09-08,195731.66452269524
1991-09-15,195433.57951033
1991-09-22,195152.6802889394
1991-09-29,194888.96685852346
1991-10-06,194642.43921908218
1991-10-13,194413.09737061558
1991-10-20,194200.9413131237
1991-10-27,194005.9710466064
1991-11-03,193828.1865710638
1991-11-10,193667.58788649586
1991-11-17,193524.17499290258
1991-11-24,193397.94789028406
1991-12-01,193288.9065786401
1991-12-08,193197.05105797082
1991-12-15,193122.38132827624
1991-12-22,193064.8973895563
1991-12-29,193024.59924181105
1992-01-05,193000.0
1992-01-12,192995.5603192445
1992-01-19,193006.81954442326
1992-01-26,193035.2645605767
1992-02-02,193080.89536770477
1992-02-09,193143.7119658075
1992-02-16,193223.71435488493
1992-02-23,193320.90253493696
1992-03-01,193435.2765059637
1992-03-08,193566.83626796512
1992-03-15,193715.5818209412
1992-03-22,193881.51316489198
1992-03-29,194064.63029981736
1992-04-05,194264.93322571745
1992-04-12,194482.4219425922
1992-04-19,194717.09645044158
1992-04-26,194968.9567492657
1992-05-03,195238.0028390644
1992-05-10,195524.23471983784
1992-05-17,195827.65239158587
1992-05-24,196148.2558543086
1992-05-31,196486.04510800604
1992-06-07,196841.02015267816
1992-06-14,197213.18098832492
1992-06-21,197602.52761494633
1992-06-28,198009.0600325424
1992-07-05,198432.77824111312
1992-07-12,198850.1858305157
1992-07-19,199237.78639060727
1992-07-26,199595.57992138775
1992-08-02,199923.56642285726
1992-08-09,200221.74589501566
1992-08-16,200490.1183378631
1992-08-23,200728.6837513995
1992-08-30,200937.44213562488
1992-09-06,201116.39349053925
1992-09-13,201265.53781614258
1992-09-20,201384.87511243488
1992-09-27,201474.40537941613
1992-10-04,201534.12861708636
1992-10-11,201564.04482544557
1992-10-18,201564.1540044938
1992-10-25,201534.45615423092
1992-11-01,201474.95127465707
1992-11-08,201385.63936577216
1992-11-15,201266.52042757624
1992-11-22,201117.59446006932
1992-11-29,200938.86146325135
1992-12-06,200730.32143712233
1992-12-13,200491.97438168232
1992-12-20,200223.82029693123
1992-12-27,199925.85918286914
1993-01-03,199600.0
1993-01-10,199240.51586681188
1993-01-17,198853.13366481673
1993-01-24,198435.94443351057
1993-01-31,197988.94817289332
1993-02-07,197512.1448829651
1993-02-14,197005.53456372584
1993-02-21,196469.11721517547
1993-02-28,195902.89283731417
1993-03-07,195306.86143014184
1993-03-14,194681.02299365844
1993-03-21,194025.37752786407
1993-03-28,193339.92503275856
1993-04-04,192624.66550834215
1993-04-11,191879.59895461463
1993-04-18,191104.72537157615
1993-04-25,190300.0447592266
1993-05-02,189465.557117566
1993-05-09,188601.26244659442
1993-05-16,187707.1607463118
1993-05-23,186783.25201671815
1993-05-30,185829.53625781345
1993-06-06,184846.0134695978
1993-06-13,183832.68365207105
1993-06-20,182789.54680523332
1993-06-27,181716.60292908447
1993-07-04,180613.85202362467
1993-07-11,179517.12560074803
1993-07-18,178462.25517234876
1993-07-25,177449.24073842686
1993-08-01,176478.08229898228
1993-08-08,175548.77985401507
1993-08-15,174661.3334035252
1993-08-22,173815.74294751274
1993-08-29,173012.00848597763
1993-09-05,172250.13001891985
1993-09-12,171530.1075463395
1993-09-19,170851.94106823643
1993-09-26,170215.6305846108
1993-10-03,169621.17609546246
1993-10-10,169068.5776007915
1993-10-17,168557.83510059796
1993-10-24,168088.94859488172
1993-10-31,167661.9180836429
1993-11-07,167276.74356688137
1993-11-14,166933.4250445972
1993-11-21,166631.9625167905
1993-11-28,166372.35598346105
1993-12-05,166154.605444609
1993-12-12,165978.71090023435
1993-12-19,165844.672350337
1993-12-26,165752.48979491706
1994-01-02,165700.0
1994-01-09,165693.6926675092
1994-01-16,165727.0780955213
1994-01-23,165802.31951801077
1994-01-30,165919.41693497763
1994-02-06,166078.37034642187
1994-02-13,166279.17975234345
1994-02-20,166521.84515274235
1994-02-27,166806.36654761864
1994-03-06,167132.74393697229
1994-03-13,167500.9773208033
1994-03-20,167911.0666991117
1994-03-27,168363.01207189742
1994-04-03,168856.81343916053
1994-04-10,169392.470800901
1994-04-17,169969.9841571188
1994-04-24,170589.353507814
1994-05-01,171250.57885298657
1994-05-08,171953.66019263648
1994-05-15,172698.59752676374
1994-05-22,173485.39085536834
1994-05-29,174314.04017845035
1994-06-05,175184.54549600973
1994-06-12,176096.90680804645
1994-06-19,177051.1241145605
1994-06-26,178047.197415552
1994-07-03,179085.12671102077
1994-07-10,180126.7985486994
1994-07-17,181134.09947632023
1994-07-24,182107.02949388328
1994-07-31,183045.58860138862
1994-08-07,183949.77679883616
1994-08-14,184819.59408622587
1994-08-21,185655.04046355793
1994-08-28,186456.11593083217
1994-09-04,187222.8204880487
1994-09-11,187955.15413520735
1994-09-18,188653.11687230834
1994-09-25,189316.70869935155
1994-10-02,189945.92961633697
1994-10-09,190540.77962326462
1994-10-16,191101.25872013453
1994-10-23,191627.36690694667
1994-10-30,192119.104183701
1994-11-06,192576.47055039761
1994-11-13,192999.46600703648
1994-11-20,193388.09055361757
1994-11-27,193742.34419014087
1994-12-04,194062.2269166064
1994-12-11,194347.73873301415
1994-12-18,194598.8796393642
1994-12-25,194815.64963565645
1995-01-01,195000.0
1995-01-08,195146.07689806767
1995-01-15,195259.73416418658
1995-01-22,195339.02052024778
1995-01-29,195383.9359662512
1995-02-05,195394.48050219688
1995-02-12,195370.65412808477
1995-02-19,195312.4568439149
1995-02-26,195219.8886496873
1995-03-05,195092.94954540185
1995-03-12,194931.63953105872
1995-03-19,194735.95860665783
1995-03-26,194505.9067721991
1995-04-02,194241.48402768266
1995-04-09,193942.69037310846
1995-04-16,193609.52580847644
1995-04-23,193241.99033378673
1995-04-30,192840.08394903917
1995-05-07,192403.8066542339
1995-05-14,191933.15844937088
1995-05-21,191428.13933445004
1995-05-28,190888.7493094715
1995-06-04,190314.98837443517
1995-06-11,189706.85652934105
1995-06-18,189064.3537741892
1995-06-25,188387.48010897957
1995-07-02,187676.2355337122
1995-07-09,186936.43036041292
1995-07-16,186202.9264612371
1995-07-23,185481.53414821066
1995-07-30,184772.25342133356
1995-08-06,184075.08428060584
1995-08-13,183390.02672602748
1995-08-20,182717.08075759848
1995-08-27,182056.24637531885
1995-09-03,181407.52357918854
1995-09-10,180770.91236920757
1995-09-17,180146.41274537603
1995-09-24,179534.02470769378
1995-10-01,178933.74825616096
1995-10-08,178345.58339077744
1995-10-15,177769.5301115433
1995-10-22,177205.58841845856
1995-10-29,176653.75831152312
1995-11-05,176114.03979073704
1995-11-12,175586.43285610038
1995-11-19,175070.93750761298
1995-11-26,174567.55374527504
1995-12-03,174076.28156908636
1995-12-10,173597.12097904715
1995-12-17,173130.07197515725
1995-12-24,172675.13455741666
1995-12-31,172232.3087258255
1996-01-07,171800.0
1996-01-14,171382.99182109116
1996-01-21,170976.50074794807
1996-01-28,170582.1212609543
1996-02-04,170199.85336010993
1996-02-11,169829.69704541488
1996-02-18,169471.6523168692
1996-02-25,169125.71917447288
1996-03-03,168791.8976182259
1996-03-10,168470.1876481283
1996-03-17,168160.58926418007
1996-03-24,167863.10246638115
1996-03-31,167577.72725473167
1996-04-07,167304.46362923147
1996-04-14,167043.3115898807
1996-04-21,166794.27113667922
1996-04-28,166557.34226962712
1996-05-05,166332.5249887244
1996-05-12,166119.819293971
1996-05-19,165919.22518536702
1996-05-26,165730.74266291235
1996-06-02,165554.37172660706
1996-06-09,165390.1123764511
1996-06-16,165237.9646124445
1996-06-23,165097.92843458732
1996-06-30,164970.00384287947
1996-07-07,164854.19083732093
1996-07-14,164732.30067414232
1996-07-21,164586.14460957408
1996-07-28,164415.72264361623
1996-08-04,164221.03477626885
1996-08-11,164002.0810075318
1996-08-18,163758.86133740516
1996-08-25,163491.3757658889
1996-09-01,163199.62429298303
1996-09-08,162883.6069186876
1996-09-15,162543.32364300257
1996-09-22,162178.77446592788
1996-09-29,161789.95938746363
1996-10-06,161376.8784076098
1996-10-13,160939.53152636628
1996-10-20,160477.91874373323
1996-10-27,159992.0400597106
1996-11-03,159481.89547429828
1996-11-10,158947.48498749643
1996-11-17,158388.80859930493
1996-11-24,157805.86630972388
1996-12-01,157198.65811875317
1996-12-08,156567.1840263929
1996-12-15,155911.444032643
1996-12-22,155231.43813750352
1996-12-29,154527.16634097442
1997-01-05,153800.0
1997-01-12,153045.8250437474
1997-01-19,152268.7555430495
1997-01-26,151467.42014096203
1997-02-02,150641.8188374849
1997-02-09,149791.9516326182
1997-02-16,148917.8185263619
1997-02-23,148019.4195187159
1997-03-02,147096.7546096804
1997-03-09,146149.8237992553
1997-03-16,145178.62708744057
1997-03-23,144183.16447423626
1997-03-30,143163.4359596423
1997-04-06,142119.44154365876
1997-04-13,141051.18122628564
1997-04-20,139958.65500752287
1997-04-27,138841.86288737057
1997-05-04,137700.8048658286
1997-05-11,136535.48094289706
1997-05-18,135345.89111857588
1997-05-25,134132.03539286513
1997-06-01,132893.91376576477
1997-06-08,131631.52623727484
1997-06-15,130344.87280739527
1997-06-22,129033.9534761261
1997-06-29,127698.76824346732
1997-07-06,126339.31710941895
1997-07-13,124980.78455205997
1997-07-20,123648.35504946945
1997-07-27,122342.0286016473
1997-08-03,121061.80520859352
1997-08-10,119807.6848703082
1997-08-17,118579.66758679129
1997-08-24,117377.7533580428
1997-08-31,116201.94218406272
1997-09-07,115052.23406485104
1997-09-14,113928.62900040777
1997-09-21,112831.12699073291
1997-09-28,111759.72803582647
1997-10-05,110714.43213568845
1997-10-12,109695.23929031884
1997-10-19,108702.14949971763
1997-10-26,107735.16276388483
1997-11-02,106794.27908282045
1997-11-09,105879.49845652448
1997-11-16,104990.82088499691
1997-11-23,104128.24636823777
1997-11-30,103291.77490624704
1997-12-07,102481.4064990247
1997-12-14,101697.14114657081
1997-12-21,100938.9788488853
1997-12-28,100206.91960596821
1998-01-04,99500.0
1998-01-11,98821.11028443926
1998-01-18,98167.36020582741
1998-01-25,97539.71318198399
1998-02-01,96938.16921290895
1998-02-08,96362.72829860233
1998-02-15,95813.39043906413
1998-02-22,95290.15563429432
1998-03-01,94793.02388429295
1998-03-08,94321.99518905998
1998-03-15,93877.06954859542
1998-03-22,93458.24696289927
1998-03-29,93065.52743197154
1998-04-05,92698.9109558122
1998-04-12,92358.3975344213
1998-04-19,92043.98716779878
1998-04-26,91755.6798559447
1998-05-03,91493.47559885902
1998-05-10,91257.37439654175
1998-05-17,91047.37624899289
1998-05-24,90863.48115621245
1998-05-31,90705.68911820042
1998-06-07,90574.0001349568
1998-06-14,90468.41420648163
1998-06-21,90388.93133277482
1998-06-28,90335.55151383641
1998-07-05,90308.27474966645
1998-07-12,90293.69654536463
1998-07-19,90278.41240603068
1998-07-26,90262.42233166462
1998-08-02,90245.72632226642
1998-08-09,90228.32437783612
1998-08-16,90210.21649837369
1998-08-23,90191.40268387915
1998-08-30,90171.8829343525
1998-09-06,90151.65724979372
1998-09-13,90130.72563020283
1998-09-20,90109.08807557978
1998-09-27,90086.74458592467
1998-10-04,90063.6951612374
1998-10-11,90039.93980151799
1998-10-18,90015.47850676652
1998-10-25,89990.31127698289
1998-11-01,89964.43811216716
1998-11-08,89937.85901231928
1998-11-15,89910.5739774393
1998-11-22,89882.58300752725
1998-11-29,89853.88610258301
1998-12-06,89824.48326260668
1998-12-13,89794.37448759822
1998-12-20,89763.55977755766
1998-12-27,89732.03913248495
1999-01-03,89700.0
1999-01-10,89666.88003724322
1999-01-17,89633.24158707417
1999-01-24,89598.897201873
1999-01-31,89563.84688163969
1999-02-07,89528.0906263743
1999-02-14,89491.62843607677
1999-02-21,89454.46031074712
1999-02-28,89416.58625038536
1999-03-07,89378.00625499146
1999-03-14,89338.72032456545
1999-03-21,89298.72845910733
1999-03-28,89258.03065861709
1999-04-04,89216.62692309474
1999-04-11,89174.51725254024
1999-04-18,89131.70164695363
1999-04-25,89088.18010633491
1999-05-02,89043.95263068409
1999-05-09,88999.01922000111
1999-05-16,88953.37987428602
1999-05-23,88907.03459353883
1999-05-30,88859.98337775952
1999-06-06,88812.22622694809
1999-06-13,88763.76314110451
1999-06-20,88714.59412022884
1999-06-27,88664.71916432104
1999-07-04,88614.1382733811
1999-07-11,88553.15957385948
1999-07-18,88472.09119220648
1999-07-25,88370.93312842211
1999-08-01,88249.6853825064
1999-08-08,88108.34795445936
1999-08-15,87946.92084428095
1999-08-22,87765.40405197119
1999-08-29,87563.79757753007
1999-09-05,87342.10142095764
1999-09-12,87100.3155822538
1999-09-19,86838.44006141865
1999-09-26,86556.47485845214
1999-10-03,86254.41997335426
1999-10-10,85932.27540612506
1999-10-17,85590.04115676449
1999-10-24,85227.71722527259
1999-10-31,84845.30361164932
1999-11-07,84442.8003158947
1999-11-14,84020.20733800872
1999-11-21,83577.52467799142
1999-11-28,83114.75233584273
1999-12-05,82631.89031156272
1999-12-12,82128.93860515133
1999-12-19,81605.89721660862
1999-12-26,81062.76614593454
2000-01-02,80500.0
2000-01-09,79916.23495819235
2000-01-16,79312.83484112422
2000-01-23,78689.34504192474
2000-01-30,78045.7655605939
2000-02-06,77382.09639713173
2000-02-13,76698.33755153819
2000-02-20,75994.48902381331
2000-02-27,75270.55081395707
2000-03-05,74526.52292196947
2000-03-12,73762.40534785055
2000-03-19,72978.19809160028
2000-03-26,72173.90115321863
2000-04-02,71349.51453270565
2000-04-09,70505.03823006131
2000-04-16,69640.47224528562
2000-04-23,68755.81657837858
2000-04-30,67851.07122934019
2000-05-07,66926.23619817045
2000-05-14,65981.31148486937
2000-05-21,65016.29708943691
2000-05-28,64031.19301187311
2000-06-04,63025.999252177964
2000-06-11,62000.71581035147
2000-06-18,60955.34268639362
2000-06-25,59889.87988030442
2000-07-02,58804.32739208388
2000-07-09,57703.24198758605
2000-07-16,56613.96426193542
2000-07-23,55541.05098098606
2000-07-30,54484.502144737984
2000-08-06,53444.31775319117
2000-08-13,52420.49780634564
2000-08-20,51413.04230420138
2000-08-27,50421.95124675839
2000-09-03,49447.22463401667
2000-09-10,48488.862465976235
2000-09-17,47546.864742637066
2000-09-24,46621.23146399916
2000-10-01,45711.96263006254
2000-10-08,44819.05824082719
2000-10-15,43942.518296293114
2000-10-22,43082.34279646032
2000-10-29,42238.531741328785
2000-11-05,41411.085130898515
2000-11-12,40600.002965169544
2000-11-19,39805.28524414182
2000-11-26,39026.93196781539
2000-12-03,38264.943136190224
2000-12-10,37519.318749266335
2000-12-17,36790.058807043715
2000-12-24,36077.16330952237
2000-12-31,35380.63225670231
2001-01-07,34700.0
2001-01-14,34036.66348516597
2001-01-21,33389.225766449716
2001-01-28,32758.152492434736
2001-02-04,32143.443663121034
2001-02-11,31545.099278508605
2001-02-18,30963.119338597444
2001-02-25,30397.503843387552
2001-03-04,29848.252792878935
2001-03-11,29315.366187071595
2001-03-18,28798.844025965533
2001-03-25,28298.686309560733
2001-04-01,27814.893037857215
2001-04-08,27347.464210854963
2001-04-15,26896.399828553993
2001-04-22,26461.69989095429
2001-04-29,26043.36439805586
2001-05-06,25641.393349858707
2001-05-13,25255.786746362817
2001-05-20,24886.544587568213
2001-05-27,24533.666873474875
2001-06-03,24197.15360408281
2001-06-10,23877.00477939202
2001-06-17,23573.220399402504
2001-06-24,23285.80046411426
2001-07-01,23014.744973527293
2001-07-08,22760.05392764159
2001-07-15,22518.499370355807
2001-07-22,22286.85334556856
2001-07-29,22065.115853279858
2001-08-05,21853.28689348971
2001-08-12,21651.3664661981
2001-08-19,21459.354571405034
2001-08-26,21277.251209110516
2001-09-02,21105.056379314545
2001-09-09,20942.77008201712
2001-09-16,20790.39231721824
2001-09-23,20647.923084917897
2001-09-30,20515.36238511611
2001-10-07,20392.710217812863
2001-10-14,20279.966583008154
2001-10-21,20177.131480702003
2001-10-28,20084.20491089439
2001-11-04,20001.18687358532
2001-11-11,19928.0773687748
2001-11-18,19864.876396462823
2001-11-25,19811.583956649392
2001-12-02,19768.200049334508
2001-12-09,19734.724674518166
2001-12-16,19711.157832200366
2001-12-23,19697.49952238112
2001-12-30,19693.749745060413
2002-01-06,19700.0
2002-01-13,19715.975787914635
2002-01-20,19741.951608089563
2002-01-27,19777.83596076304
2002-02-03,19823.628845935058
2002-02-10,19879.33026360562
2002-02-17,19944.940213774735
2002-02-24,20020.458696442383
2002-03-03,20105.885711608586
2002-03-10,20201.221259273334
2002-03-17,20306.46533943662
2002-03-24,20421.61795209846
2002-03-31,20546.67909725884
2002-04-07,20681.648774917765
2002-04-14,20826.526985075237
2002-04-21,20981.31372773125
2002-04-28,21146.00900288581
2002-05-05,21320.612810538918
2002-05-12,21505.12515069057
2002-05-19,21699.546023340765
2002-05-26,21903.875428489504
2002-06-02,22118.11336613679
2002-06-09,22342.259836282625
2002-06-16,22576.314838927003
2002-06-23,22820.278374069923
2002-06-30,23074.150441711387
2002-07-07,23337.9310418514
2002-07-14,23605.149418629324
2002-07-21,23869.334816184542
2002-07-28,24130.48723451704
2002-08-04,24388.606673626822
2002-08-11,24643.69313351389
2002-08-18,24895.746614178246
2002-08-25,25144.76711561989
2002-09-01,25390.754637838818
2002-09-08,25633.70918083503
2002-09-15,25873.630744608534
2002-09-22,26110.519329159317
2002-09-29,26344.374934487387
2002-10-06,26575.197560592744
2002-10-13,26802.987207475384
2002-10-20,27027.743875135315
2002-10-27,27249.46756357252
2002-11-03,27468.158272787026
2002-11-10,27683.81600277881
2002-11-17,27896.44075354788
2002-11-24,28106.032525094244
2002-12-01,28312.591317417882
2002-12-08,28516.11713051881
2002-12-15,28716.609964397026
2002-12-22,28914.069819052525
2002-12-29,29108.49669448531
2003-01-05,29300.0
2003-01-12,29488.251507682737
2003-01-19,29673.579445447387
2003-01-26,29855.874403989314
2003-02-02,30035.136383308523
2003-02-09,30211.365383405024
2003-02-16,30384.561404278815
2003-02-23,30554.724445929878
2003-03-02,30721.854508358236
2003-03-09,30885.951591563884
2003-03-16,31047.015695546812
2003-03-23,31205.046820307027
2003-03-30,31360.04496584453
2003-04-06,31512.010132159317
2003-04-13,31660.942319251386
2003-04-20,31806.841527120745
2003-04-27,31949.70775576739
2003-05-04,32089.541005191317
2003-05-11,32226.34127539253
2003-05-18,32360.108566371033
2003-05-25,32490.842878126816
2003-06-01,32618.544210659893
2003-06-08,32743.212563970254
2003-06-15,32864.8479380579
2003-06-22,32983.45033292283
2003-06-29,33099.019748565035
2003-07-06,33211.55618498454
2003-07-13,33323.91029405666
2003-07-20,33438.93272765673
2003-07-27,33556.62348578475
2003-08-03,33676.98256844072
2003-08-10,33800.00997562463
2003-08-17,33925.70570733649
2003-08-24,34054.069763576306
2003-08-31,34185.10214434408
2003-09-07,34318.80284963979
2003-09-14,34455.17187946346
2003-09-21,34594.20923381506
2003-09-28,34735.91491269463
2003-10-05,34880.28891610214
2003-10-12,35027.331244037596
2003-10-19,35177.04189650102
2003-10-26,35329.42087349237
2003-11-02,35484.46817501168
2003-11-09,35642.18380105894
2003-11-16,35802.56775163414
2003-11-23,35965.620026737306
2003-11-30,36131.340626368416
2003-12-07,36299.72955052746
2003-12-14,36470.78679921447
2003-12-21,36644.512372429424
2003-12-28,36820.90627017233
2004-01-04,37000.0
2004-01-11,37181.69903924198
2004-01-18,37366.097910568744
2004-01-25,37553.16510642344
2004-02-01,37742.90062680609
2004-02-08,37935.30447171669
2004-02-15,38130.37664115524
2004-02-22,38328.117135121734
2004-02-29,38528.52595361619
2004-03-07,38731.60309663859
2004-03-14,38937.348564188935
2004-03-21,39145.76235626724
2004-03-28,39356.84447287347
2004-04-04,39570.59491400767
2004-04-11,39787.01367966982
2004-04-18,40006.100769859906
2004-04-25,40227.85618457796
2004-05-02,40452.27992382395
2004-05-09,40679.371987597886
2004-05-16,40909.132375899775
2004-05-23,41141.56108872961
2004-05-30,41376.65812608741
2004-06-06,41614.42348797315
2004-06-13,41854.857174386845
2004-06-20,42097.95918532849
2004-06-27,42343.729520798064
2004-07-04,42592.168180795605
2004-07-11,42845.06830759747
2004-07-18,43104.22304348003
2004-07-25,43369.63238844329
2004-08-01,43641.29634248726
2004-08-08,43919.2149056119
2004-08-15,44203.38807781726
2004-08-22,44493.81585910331
2004-08-29,44790.498249470074
2004-09-05,45093.43524891753
2004-09-12,45402.62685744568
2004-09-19,45718.073075054526
2004-09-26,46039.77390174409
2004-10-03,46367.729337514334
2004-10-10,46701.93938236528
2004-10-17,47042.40403629693
2004-10-24,47389.12329930928
2004-10-31,47742.097171402325
2004-11-07,48101.325652576066
2004-11-14,48466.8087428305
2004-11-21,48838.546442165665
2004-11-28,49216.538750581494
2004-12-05,49600.785668078046
2004-12-12,49991.28719465529
2004-12-19,50388.04333031323
2004-12-26,50791.054075051856
2005-01-02,51200.0
2005-01-09,51615.83939177124
2005-01-16,52037.613963751974
2005-01-23,52465.6431448134
2005-01-30,52899.92693495554
2005-02-06,53340.465334178385
2005-02-13,53787.25834248191
2005-02-20,54240.305959866135
2005-02-27,54699.60818633107
2005-03-06,55165.1650218767
2005-03-13,55636.97646650302
2005-03-20,56115.04252021005
2005-03-27,56599.363182997775
2005-04-03,57089.93845486622
2005-04-10,57586.768335815344
2005-04-17,58089.852825845155
2005-04-24,58599.19192495568
2005-05-01,59114.78563314691
2005-05-08,59636.63395041882
2005-05-15,60164.73687677144
2005-05-22,60699.094412204766
2005-05-29,61239.706556718775
2005-06-05,61786.5733103135
2005-06-12,62339.69467298892
2005-06-19,62899.07064474502
2005-06-26,63464.701225581855
2005-07-03,64036.586415499354
2005-07-10,64605.70029613481
2005-07-17,65163.01694912543
2005-07-24,65708.53637447122
2005-07-31,66242.25857217218
2005-08-07,66764.18354222833
2005-08-14,67274.31128463964
2005-08-21,67772.64179940612
2005-08-28,68259.17508652777
2005-09-04,68733.9111460046
2005-09-11,69196.84997783658
2005-09-18,69647.99158202375
2005-09-25,70087.33595856611
2005-10-02,70514.88310746361
2005-10-09,70930.6330287163
2005-10-16,71334.58572232416
2005-10-23,71726.7411882872
2005-10-30,72107.0994266054
2005-11-06,72475.66043727877
2005-11-13,72832.42422030732
2005-11-20,73177.39077569103
2005-11-27,73510.56010342993
2005-12-04,73831.932203524
2005-12-11,74141.50707597322
2005-12-18,74439.28472077764
2005-12-25,74725.26513793721
2006-01-01,75000.0
2006-01-08,75261.8342893219
2006-01-15,75512.42302354699
2006-01-22,75751.21453012725
2006-01-29,75978.2088090627
2006-02-05,76193.4058603533
2006-02-12,76396.80568399909
2006-02-19,76588.40828000003
2006-02-26,76768.21364835618
2006-03-05,76936.22178906745
2006-03-12,77092.43270213393
2006-03-19,77236.84638755559
2006-03-26,77369.4628453324
2006-04-02,77490.28207546439
2006-04-09,77599.30407795156
2006-04-16,77696.52885279388
2006-04-23,77781.95639999141
2006-04-30,77855.58671954407
2006-05-07,77917.41981145191
2006-05-14,77967.45567571494
2006-05-21,78005.69431233313
2006-05-28,78032.13572130649
2006-06-04,78046.77990263503
2006-06-11,78049.62685631873
2006-06-18,78040.67658235763
2006-06-25,78019.92908075168
2006-07-02,77987.38435150092
2006-07-09,77945.44587357917
2006-07-16,77908.53452082971
2006-07-23,77879.0537722264
2006-07-30,77857.00362776924
2006-08-06,77842.38408745824
2006-08-13,77835.19515129336
2006-08-20,77835.43681927463
2006-08-27,77843.10909140208
2006-09-03,77858.21196767564
2006-09-10,77880.74544809536
2006-09-17,77910.70953266123
2006-09-24,77948.10422137324
2006-10-01,77992.92951423141
2006-10-08,78045.18541123571
2006-10-15,78104.87191238615
2006-10-22,78171.98901768278
2006-10-29,78246.53672712551
2006-11-05,78328.5150407144
2006-11-12,78417.92395844945
2006-11-19,78514.76348033063
2006-11-26,78619.03360635799
2006-12-03,78730.73433653146
2006-12-10,78849.86567085108
2006-12-17,78976.42760931687
2006-12-24,79110.42015192879
2006-12-31,79251.84329868687
2007-01-07,79400.0
2007-01-14,79556.98140464145
2007-01-21,79720.69636383797
2007-01-28,79891.8419271806
2007-02-04,80070.41809466943
2007-02-11,80256.42486630438
2007-02-18,80449.86224208548
2007-02-25,80650.73022201273
2007-03-04,80859.0288060861
2007-03-11,81074.75799430566
2007-03-18,81297.91778667134
2007-03-25,81528.50818318318
2007-04-01,81766.52918384116
2007-04-08,82011.98078864528
2007-04-15,82264.86299759557
2007-04-22,82525.17581069199
2007-04-29,82792.91922793456
2007-05-06,83068.09324932328
2007-05-13,83350.69787485813
2007-05-20,83640.73310453913
2007-05-27,83938.19893836629
2007-06-03,84243.09537633961
2007-06-10,84555.42241845906
2007-06-17,84875.18006472464
2007-06-24,85202.3683151364
2007-07-01,85536.9871696943
2007-07-08,85879.03662839832
2007-07-15,86217.30195868215
2007-07-22,86540.56842797933
2007-07-29,86848.83603628994
2007-08-05,87142.10478361398
2007-08-12,87420.37466995134
2007-08-19,87683.64569530216
2007-08-26,87931.91785966636
2007-09-02,88165.19116304396
2007-09-09,88383.46560543495
2007-09-16,88586.74118683935
2007-09-23,88775.01790725713
2007-09-30,88948.29576668834
2007-10-07,89106.57476513293
2007-10-14,89249.8549025909
2007-10-21,89378.13617906229
2007-10-28,89491.41859454708
2007-11-04,89589.70214904526
2007-11-11,89672.98684255683
2007-11-18,89741.27267508183
2007-11-25,89794.55964662018
2007-12-02,89832.84775717198
2007-12-09,89856.13700673715
2007-12-16,89864.42739531571
2007-12-23,89857.7189229077
2007-12-30,89836.01158951306
2008-01-06,89800.0
2008-01-13,89747.60033976397
2008-01-20,89680.89642340953
2008-01-27,89599.19364606851
2008-02-03,89502.49200774088
2008-02-10,89390.79150842661
2008-02-17,89264.0921481258
2008-02-24,89122.39392683831
2008-03-02,88965.69684456429
2008-03-09,88794.00090130365
2008-03-16,88607.30609705637
2008-03-23,88405.61243182253
2008-03-30,88188.91990560206
2008-04-06,87957.22851839502
2008-04-13,87710.53827020136
2008-04-20,87448.84916102108
2008-04-27,87172.16119085424
2008-05-04,86880.47435970076
2008-05-11,86573.7886675607
2008-05-18,86252.10411443401
2008-05-25,85915.42070032074
2008-06-01,85563.73842522089
2008-06-08,85197.05728913442
2008-06-15,84815.37729206136
2008-06-22,84418.69843400166
2008-06-29,84007.02071495538
2008-07-06,83580.34413492249
2008-07-13,83155.05640699762
2008-07-20,82747.54524427536
2008-07-27,82357.8106467557
2008-08-03,81985.85261443864
2008-08-10,81631.6711473242
2008-08-17,81295.26624541236
2008-08-24,80976.63790870314
2008-08-31,80675.78613719654
2008-09-07,80392.71093089253
2008-09-14,80127.41228979114
2008-09-21,79879.89021389236
2008-09-28,79650.14470319619
2008-10-05,79438.17575770261
2008-10-12,79243.98337741164
2008-10-19,79067.56756232331
2008-10-26,78908.92831243757
2008-11-02,78768.06562775445
2008-11-09,78644.97950827391
2008-11-16,78539.669953996
2008-11-23,78452.1369649207
2008-11-30,78382.380541048
2008-12-07,78330.40068237792
2008-12-14,78296.19738891046
2008-12-21,78279.77066064559
2008-12-28,78281.12049758332
2009-01-04,78300.0
2009-01-11,78337.14986706665
2009-01-18,78391.82939961221
2009-01-25,78464.2854973604
2009-02-01,78554.51816031119
2009-02-08,78662.52738846459
2009-02-15,78788.3131818206
2009-02-22,78931.8755403792
2009-03-01,79093.21446414043
2009-03-08,79272.32995310427
2009-03-15,79469.22200727071
2009-03-22,79683.89062663978
2009-03-29,79916.33581121144
2009-04-05,80166.5575609857
2009-04-12,80434.5558759626
2009-04-19,80720.33075614208
2009-04-26,81023.88220152419
2009-05-03,81345.21021210888
2009-05-10,81684.3147878962
2009-05-17,82041.19592888613
2009-05-24,82415.85363507866
2009-05-31,82808.28790647381
2009-06-07,83218.49874307157
2009-06-14,83646.48614487195
2009-06-21,84092.25011187492
2009-06-28,84555.7906440805
2009-07-05,85037.1077414887
2009-07-12,85533.70092495054
2009-07-19,86043.06971531708
2009-07-26,86565.21411258826
2009-08-02,87100.13411676415
2009-08-09,87647.8297278447
2009-08-16,88208.30094582996
2009-08-23,88781.54777071992
2009-08-30,89367.57020251454
2009-09-06,89966.36824121384
2009-09-13,90577.94188681785
2009-09-20,91202.29113932651
2009-09-27,91839.41599873987
2009-10-04,92489.31646505793
2009-10-11,93151.99253828064
2009-10-18,93827.44421840805
2009-10-25,94515.67150544014
2009-11-01,95216.67439937692
2009-11-08,95930.45290021838
2009-11-15,96657.00700796451
2009-11-22,97396.33672261535
2009-11-29,98148.44204417085
2009-12-06,98913.32297263105
2009-12-13,99690.97950799593
2009-12-20,100481.41165026548
2009-12-27,101284.61939943973
2010-01-03,102100.0
2010-01-10,102929.36171850227
2010-01-17,103770.89628839056
2010-01-24,104625.20646518355
2010-01-31,105492.29224888122
2010-02-07,106372.15363948354
2010-02-14,107264.7906369906
2010-02-21,108170.20324140228
2010-02-28,109088.3914527187
2010-03-07,110019.35527093979
2010-03-14,110963.09469606553
2010-03-21,111919.60972809601
2010-03-28,112888.9003670311
2010-04-04,113870.96661287094
2010-04-11,114865.80846561544
2010-04-18,115873.4259252646
2010-04-25,116893.8189918185
2010-05-02,117926.98766527703
2010-05-09,118972.93194564024
2010-05-16,120031.65183290816
2010-05-23,121103.14732708076
2010-05-30,122187.41842815804
2010-06-06,123284.46513614003
2010-06-13,124394.2874510267
2010-06-20,125516.88537281803
2010-06-27,126652.25890151403
2010-07-04,127800.40803711471
2010-07-11,128934.35418017296
2010-07-18,130027.1187312416
2010-07-25,131078.70169032065
2010-08-01,132089.10305741007
2010-08-08,133058.32283250988
2010-08-15,133986.3610156201
2010-08-22,134873.2176067407
2010-08-29,135718.89260587175
2010-09-05,136523.38601301317
2010-09-12,137286.69782816496
2010-09-19,138008.82805132715
2010-09-26,138689.7766824998
2010-10-03,139329.54372168277
2010-10-10,139928.12916887613
2010-10-17,140485.53302407995
2010-10-24,141001.75528729413
2010-10-31,141476.79595851872
2010-11-07,141910.65503775366
2010-11-14,142303.33252499902
2010-11-21,142654.82842025487
2010-11-28,142965.14272352098
2010-12-05,143234.27543479754
2010-12-12,143462.22655408454
2010-12-19,143648.99608138186
2010-12-26,143794.5840166896
2011-01-02,143900.0
2011-01-09,143962.21511133632
2011-01-16,143984.25827067526
2011-01-23,143965.11983802458
2011-01-30,143904.79981338434
2011-02-06,143803.29819675445
2011-02-13,143660.61498813497
2011-02-20,143476.7501875259
2011-02-27,143251.7037949272
2011-03-06,142985.47581033892
2011-03-13,142678.06623376106
2011-03-20,142329.47506519355
2011-03-27,141939.70230463642
2011-04-03,141508.74795208976
2011-04-10,141036.61200755346
2011-04-17,140523.2944710275
2011-04-24,139968.79534251202
2011-05-01,139373.11462200692
2011-05-08,138736.25230951217
2011-05-15,138058.20840502786
2011-05-22,137338.98290855394
2011-05-29,136578.5758200904
2011-06-05,135776.9871396373
2011-06-12,134934.2168671945
2011-06-19,134050.26500276217
2011-06-26,133125.13154634024
2011-07-03,132158.8164979287
2011-07-10,131178.2732368539
2011-07-17,130210.45514244212
2011-07-24,129255.3622146934
2011-07-31,128312.9944536078
2011-08-07,127383.35185918523
2011-08-14,126466.43443142572
2011-08-21,125562.24217032931
2011-08-28,124670.77507589593
2011-09-04,123792.03314812564
2011-09-11,122926.01638701838
2011-09-18,122072.7247925742
2011-09-25,121232.15836479311
2011-10-02,120404.31710367504
2011-10-09,119589.20100922008
2011-10-16,118786.81008142814
2011-10-23,117997.1443202993
2011-10-30,117220.20372583349
2011-11-06,116455.98829803079
2011-11-13,115704.49803689112
2011-11-20,114965.73294241454
2011-11-27,114239.693014601
2011-12-04,113526.37825345053
2011-12-11,112825.78865896311
2011-12-18,112137.92423113878
2011-12-25,111462.7849699775
2012-01-01,110800.0
2012-01-08,110150.68194764417
2012-01-15,109513.71818647208
2012-01-22,108889.47959196306
2012-01-29,108277.9661641171
2012-02-05,107679.17790293421
2012-02-12,107093.1148084144
2012-02-19,106519.7768805576
2012-02-26,105959.16411936394
2012-03-04,105411.27652483329
2012-03-11,104876.11409696574
2012-03-18,104353.67683576125
2012-03-25,103843.9647412198
2012-04-01,103346.97781334142
2012-04-08,102862.71605212614
2012-04-15,102391.17945757387
2012-04-22,101932.36802968472
2012-04-29,101486.28176845858
2012-05-06,101052.92067389551
2012-05-13,100632.28474599554
2012-05-20,100224.37398475863
2012-05-27,99829.18839018476
2012-06-03,99446.72796227396
2012-06-10,99076.99270102623
2012-06-17,98719.98260644157
2012-06-24,98375.69767851997
2012-07-01,98044.13791726143
2012-07-08,97727.61673884987
2012-07-15,97440.01464038873
2012-07-22,97183.64503806196
2012-07-29,96958.50793186954
2012-08-05,96764.60332181146
2012-08-12,96601.93120788773
2012-08-19,96470.49159009835
2012-08-26,96370.28446844332
2012-09-02,96301.30984292264
2012-09-09,96263.5677135363
2012-09-16,96257.05808028432
2012-09-23,96281.78094316665
2012-09-30,96337.73630218339
2012-10-07,96424.92415733443
2012-10-14,96543.34450861983
2012-10-21,96692.9973560396
2012-10-28,96873.8826995937
2012-11-04,97086.00053928212
2012-11-11,97329.35087510495
2012-11-18,97603.93370706207
2012-11-25,97909.74903515358
2012-12-02,98246.7968593794
2012-12-09,98615.0771797396
2012-12-16,99014.58999623414
2012-12-23,99445.33530886305
2012-12-30,99907.31311762628
2013-01-06,100400.0
2013-01-13,100924.96622355579
2013-01-20,101480.64152072207
2013-01-27,102067.54931402269
2013-02-03,102685.6896034577
2013-02-10,103335.062389027
2013-02-17,104015.66767073068
2013-02-24,104727.5054485687
2013-03-03,105470.57572254108
2013-03-10,106244.87849264778
2013-03-17,107050.41375888887
2013-03-24,107887.18152126427
2013-03-31,108755.18177977404
2013-04-07,109654.41453441815
2013-04-14,110584.87978519662
2013-04-21,111546.57753210943
2013-04-28,112539.50777515658
2013-05-05,113563.6705143381
2013-05-12,114619.06574965394
2013-05-19,115705.69348110416
2013-05-26,116823.55370868868
2013-06-02,117972.64643240761
2013-06-09,119152.97165226085
2013-06-16,120364.52936824843
2013-06-23,121607.31958037039
2013-06-30,122881.34228862669
2013-07-07,124186.5974930173
2013-07-14,125494.11139746787
2013-07-21,126774.91020590391
2013-07-28,128028.99391832548
2013-08-04,129256.36253473253
2013-08-11,130457.01605512506
2013-08-18,131630.95447950313
2013-08-25,132778.17780786662
2013-09-01,133898.68604021566
2013-09-08,134992.47917655017
2013-09-15,136059.55721687016
2013-09-22,137099.92016117566
2013-09-29,138113.56800946666
2013-10-06,139100.50076174317
2013-10-13,140060.71841800513
2013-10-20,140994.22097825262
2013-10-27,141901.00844248562
2013-11-03,142781.08081070406
2013-11-10,143634.438082908
2013-11-17,144461.08025909745
2013-11-24,145261.00733927242
2013-12-01,146034.2193234329
2013-12-08,146780.71621157878
2013-12-15,147500.49800371024
2013-12-22,148193.56469982714
2013-12-29,148859.91629992958
2014-01-05,149500.0
2014-01-12,150112.4742120909
2014-01-19,150698.6805241498
2014-01-26,151258.1717401942
2014-02-02,151790.94786022409
2014-02-09,152297.00888423945
2014-02-16,152776.35481224037
2014-02-23,153228.98564422666
2014-03-02,153654.90138019857
2014-03-09,154054.10202015593
2014-03-16,154426.58756409877
2014-03-23,154772.35801202714
2014-03-30,155091.41336394096
2014-04-06,155383.7536198403
2014-04-13,155649.37877972514
2014-04-20,155888.28884359542
2014-04-27,156100.4838114513
2014-05-04,156285.96368329262
2014-05-11,156444.7284591194
2014-05-18,156576.77813893167
2014-05-25,156682.11272272948
2014-06-01,156760.73221051277
2014-06-08,156812.6366022816
2014-06-15,156837.82589803587
2014-06-22,156836.30009777562
2014-06-29,156808.05920150087
2014-07-06,156753.1032092116
2014-07-13,156674.76387520984
2014-07-20,156576.3729537974
2014-07-27,156457.93044497434
2014-08-03,156319.43634874065
2014-08-10,156160.89066509632
2014-08-17,155982.29339404136
2014-08-24,155783.64453557582
2014-08-31,155564.9440896996
2014-09-07,155326.1920564128
2014-09-14,155067.38843571537
2014-09-21,154788.53322760726
2014-09-28,154489.62643208858
2014-10-05,154170.66804915923
2014-10-12,153831.65807881928
2014-10-19,153472.59652106874
2014-10-26,153093.48337590753
2014-11-02,152694.31864333566
2014-11-09,152275.1023233532
2014-11-16,151835.8344159601
2014-11-23,151376.51492115643
2014-11-30,150897.14383894205
2014-12-07,150397.7211693171
2014-12-14,149878.24691228152
2014-12-21,149338.7210678353
2014-12-28,148779.14363597843
2015-01-04,148200.0
2015-01-11,147599.83401003288
2015-01-18,146980.10181594416
2015-01-25,146340.31803444482
2015-02-01,145680.4826655348
2015-02-08,145000.59570921422
2015-02-15,144300.657165483
2015-02-22,143580.66703434108
2015-03-01,142840.62531578864
2015-03-08,142080.53200982552
2015-03-15,141300.38711645178
2015-03-22,140500.19063566744
2015-03-29,139679.9425674724
2015-04-05,138839.6429118668
2015-04-12,137979.29166885058
2015-04-19,137098.88883842368
2015-04-26,136198.4344205862
2015-05-03,135277.92841533807
2015-05-10,134337.3708226793
2015-05-17,133376.76164260996
2015-05-24,132396.10087512992
2015-05-31,131395.3885202393
2015-06-07,130374.62457793806
2015-06-14,129333.80904822619
2015-06-21,128272.94193110368
2015-06-28,127192.02322657054
2015-07-05,126091.05293462676
2015-07-12,124997.95023570028
2015-07-19,123940.634310219
2015-07-26,122919.1051581829
2015-08-02,121933.36277959199
2015-08-09,120983.40717444626
2015-08-16,120069.23834274572
2015-08-23,119190.85628449038
2015-08-30,118348.26099968025
2015-09-06,117541.45248831529
2015-09-13,116770.43075039554
2015-09-20,116035.19578592092
2015-09-27,115335.74759489155
2015-10-04,114672.08617730736
2015-10-11,114044.21153316835
2015-10-18,113452.12366247455
2015-10-25,112895.82256522588
2015-11-01,112375.30824142246
2015-11-08,111890.58069106421
2015-11-15,111441.63991415115
2015-11-22,111028.48591068332
2015-11-29,110651.11868066063
2015-12-06,110309.53822408315
2015-12-13,110003.74454095085
2015-12-20,109733.73763126374
2015-12-27,109499.51749502182
2016-01-03,109300.0
2016-01-10,109138.43754287358
2016-01-17,109011.57772696723
2016-01-24,108920.50468450607
2016-01-31,108865.21841549012
2016-02-07,108845.71891991935
2016-02-14,108862.00619779379
2016-02-21,108914.08024911338
2016-02-28,109001.94107387816
2016-03-06,109125.58867208817
2016-03-13,109285.02304374336
2016-03-20,109480.24418884372
2016-03-27,109711.25210738929
2016-04-03,109978.04679938004
2016-04-10,110280.62826481598
2016-04-17,110618.9965036971
2016-04-24,110993.15151602344
2016-05-01,111403.09330179496
2016-05-08,111848.82186101165
2016-05-15,112330.33719367355
2016-05-22,112847.63929978063
2016-05-29,113400.72817933289
2016-06-05,113989.60383233038
2016-06-12,114614.26625877303
2016-06-19,115274.71545866087
2016-06-26,115970.95143199392
2016-07-03,116702.97417877213
2016-07-10,117448.59794539743
2016-07-17,118185.63697827159
2016-07-24,118914.09127739465
2016-07-31,119633.96084276661
2016-08-07,120345.24567438748
2016-08-14,121047.94577225723
2016-08-21,121742.0611363759
2016-08-28,122427.59176674344
2016-09-04,123104.53766335992
2016-09-11,123772.89882622525
2016-09-18,124432.6752553395
2016-09-25,125083.86695070266
2016-10-02,125726.4739123147
2016-10-09,126360.49614017564
2016-10-16,126985.9336342855
2016-10-23,127602.78639464422
2016-10-30,128211.0544212519
2016-11-06,128810.7377141084
2016-11-13,129401.83627321385
2016-11-20,129984.35009856819
2016-11-27,130558.27919017142
2016-12-04,131123.62354802355
2016-12-11,131680.3831721246
2016-12-18,132228.5580624745
2016-12-25,132768.1482190733
2017-01-01,133300.0
2017-01-08,133821.57433101768
2017-01-15,134335.4102863632
2017-01-22,134840.66150795761
2017-01-29,135337.32799580094
2017-02-05,135825.40974989312
2017-02-12,136304.90677023426
2017-02-19,136775.81905682426
2017-02-26,137238.14660966318
2017-03-05,137691.88942875096
2017-03-12,138137.04751408767
2017-03-19,138573.6208656733
2017-03-26,139001.60948350778
2017-04-02,139421.0133675912
2017-04-09,139831.83251792347
2017-04-16,140234.06693450466
2017-04-23,140627.71661733475
2017-04-30,141012.78156641373
2017-05-07,141389.26178174163
2017-05-14,141757.15726331843
2017-05-21,142116.46801114414
2017-05-28,142467.1940252187
2017-06-04,142809.33530554216
2017-06-11,143142.89185211455
2017-06-18,143467.86366493584
2017-06-25,143784.250744006
2017-07-02,144092.05308932508
2017-07-09,144392.63867776105
2017-07-16,144694.21537052182
2017-07-23,144998.1511444755
2017-07-30,145304.44599962194
2017-08-06,145613.09993596128
2017-08-13,145924.1129534934
2017-08-20,146237.48505221837
2017-08-27,146553.21623213618
2017-09-03,146871.30649324684
2017-09-10,147191.7558355503
2017-09-17,147514.5642590466
2017-09-24,147839.73176373576
2017-10-01,148167.25834961774
2017-10-08,148497.14401669256
2017-10-15,148829.38876496023
2017-10-22,149163.99259442068
2017-10-29,149500.955505074
2017-11-05,149840.27749692017
2017-11-12,150181.95856995913
2017-11-19,150525.99872419095
2017-11-26,150872.39795961563
2017-12-03,151221.1562762331
2017-12-10,151572.27367404342
2017-12-17,151925.75015304657
2017-12-24,152281.58571324256
2017-12-31,152639.7803546314
2018-01-07,153000.0
2018-01-14,153363.2468809875
2018-01-21,153728.51876595482
2018-01-28,154096.149732115
2018-02-04,154466.139779468
2018-02-11,154838.48890801385
2018-02-18,155213.19711775248
2018-02-25,155590.264408684
2018-03-04,155969.69078080833
2018-03-11,156351.4762341255
2018-03-18,156735.62076863548
2018-03-25,157122.12438433833
2018-04-01,157510.987081234
2018-04-08,157902.2088593225
2018-04-15,158295.7897186038
2018-04-22,158691.729659078
2018-04-29,159090.028680745
2018-05-06,159490.68678360482
2018-05-13,159893.7039676575
2018-05-20,160299.080232903
2018-05-27,160706.81557934135
2018-06-03,161116.9100069725
2018-06-10,161529.36351579652
2018-06-17,161944.17610581336
2018-06-24,162361.34777702304
2018-07-01,162780.87852942554
2018-07-08,163202.76836302085
2018-07-15,163627.01727780906
2018-07-22,164053.62527379004
2018-07-29,164482.5923509639
2018-08-05,164913.9185093306
2018-08-12,165347.6037488901
2018-08-19,165783.64806964243
2018-08-26,166222.05147158762
2018-09-02,166662.81395472563
2018-09-09,167105.93551905648
2018-09-16,167551.41616458015
2018-09-23,167999.25589129666
2018-09-30,168449.45469920605
2018-10-07,168902.01258830822
2018-10-14,169356.92955860324
2018-10-21,169814.2056100911
2018-10-28,170273.8407427718
2018-11-04,170735.83495664533
2018-11-11,171200.18825171166
2018-11-18,171666.90062797084
2018-11-25,172135.9720854229
2018-12-02,172607.40262406773
2018-12-09,173081.19224390542
2018-12-16,173557.34094493595
2018-12-23,174035.84872715935
2018-12-30,174516.7155905755
2019-01-06,175000.0
